Scene Name,Location,Time of Day,Song Name,Top of Scene Stage Direction,Scene Description,Video Overview,Video Content,Surfaces,Notes
99 Preshow,,,,,,,,,
100 Overture,Overture,,No. 1 - OVERTURE,"As a muted trumpet ""wa-wa""s a filthy lick, the curtain rises on a glittering Art Deco nightclub.",,,,,
101 Scene One: Hottest Speakeasy in Chicago,The Hottest Speakeasy in Chicagos,,No. 2 - WHAT ARE YOU THIRSTY FOR,"...the upstage leg flies up, revealing the second tier...and The Band! In a blink, we're in...",,,,,
102 Scene Two: The Street,The Street,Just After Dawn,,"JOE and JERRY carry their instruments, shivering.",,,,,
103 Scene Three: The Cheetah Club,The Cheetah Club,Later,No. 3 - YOU CAN'T HAVE ME (IF YOU DON'T HAVE HIM),,,,,,
104 Scene Four: Spats's Office,Spats's Office,A Little Later,,"MACK enters, followed by SONNY...AGENT MULLIGAN enters, bearing a large bouquet.",,,,,
105 Scene Five: Backstage,Backstage,Continuous,No. 4 - VAMP!,"(JOE and JERRY run up and down the
staircases, ducking and weaving, finally
hiding behind a rack of costumes, MACK and
SONNY in hot pursuit.)
(They throw on boas and headdresses and
blend into the general screaming mayhem,
finally bursting into:)",,,,,
106 Scene Six: Union Station Train Platform,Union Station Train Platform,Morning,No. 5 - I'M CALIFORNIA BOUND,"Young women mill about with instruments and luggage. Bedlam. SUE enters and finds MINNIE 
wielding a clipboard.",,,,,
107 Scene Seven: A Train Car,A Train Car - Economy Class,,No. 6 - A DARKER SHADE OF BLUE,"In the crammed train car, JOE and JERRY are surrounded by instruments, luggage, and young women.",,,,,
108 Scene Eight: On the Road,"On The Road - A Club
A Club in Des Moines
A Rehearsal Hall in Omaha
A Venue in Shelbyville
Chicago - Backstage at the Cheetah Club
A Club in Wichita
Chicago
The Hottest Spot in Denver",,No. 7 - TAKE IT UP A STEP,"The full band gathers for the first time, conducted by SUE. All instruments join in as SUGAR continues the song...",,,,,
109 Scene Nine: A Club in Denver,A Club in Denver,,No. 8 - ZEE BAP,"It's closing time in the club, still a few straggling customers. The ladies are totally winded after a stellar performance.",,,,,
110 Scene Ten: The Baggage Car,The Baggage Car,,No. 9 - AT THE OLD MAJESTIC NICKEL MATINEE,"SUGAR sits on a stack of steamer trunks, drinking from the flask. JOSEPHINE enters.",,,,,
111 Scene Eleven: Hotel Del Coronado Lobby,The Hotel Del Coronado - Lobby,,No. 10 - A POOR LITTLE MILLIONAIRE,Paradise. The hotel is a beehive of activity.,,,,,
112 Scene Twelve: Room 226,Room 226 - The Hotel Del Coronado,,,JERRY fixes his makeup. JOE rushes in.,,,,,
113 Scene Thirteen: Hotel Del Coronado Hallway,A Hallway in The Hotel Del Coronado,,,Evening hubbub at the hotel. JOE enters with suitcase. The MAN WITH SUITCASE berates a BELLHOP.,,,,,
114 Scene Fourteen: The Cheetah Club,"The Cheetah Club
The Halls of the Department of Justice",,,,,,,,
115 Scene Fifteen: Hotel Del Coronado Ballroom,The Ballroom at The Hotel Del Coronado,Evening,No. 11 - SOME LIKE IT HOT,"Lights up on SUE and [most of] her band. In the audience stage right, OSGOOD sits at a two-top with a huge bouquet of flowers.",,,,,
200 Intermission,Intermission,,,,,,,,
201 Scene One: Hotel Del Coronado Ballroom,"The Ballroom at The Hotel Del Coronado
Just Offstage",Evening,No. 12 - ENTR'ACTE,"The stage just as we left it, but the end of the big show.",,,,,
202 Scene Two: Room 226,"Room 226
A Cantina in Mexico - After Midnight",,No. 13 - LET'S BE BAD,"The bed comes in from stage right. JOSEPHINE lies prone, the covers pulled up to her chin like Little Red Riding Hood's granny. DAPHNE and SUE barge in.",,,,,
203 Scene Three: The Caledonia Seven,The Caledonia Seven,,No. 14 - LET'S DANCE THE WORLD AWAY,KIP leads SUGAR below deck into a decadent stateroom.,,,,,
204 Scene Four: The Cantina in Mexico,The Cantina in Mexico,5:53 a.m. PST,"No. 15 - FLY, MARIPOSA, FLY","DAPHNE and OSGOOD are outside on the patio, basking in the last hour of moonlight. OSGOOD dances to the music in his head.",,,,,
205 Scene Five: Room 226,Room 226,Morning,NO. 16 - YOU COULDA KNOCKED ME OVER WIHT A FEATHER,"DAPHNE enters, reliving her perfect night. JOE enters dressed as KIP, happily dazed.",,,,,
206 Scene Six: Hotel Del Coronado Ballroom,Ballroom at The Hotel Del Coronado,Later That Morning,,"SUE runs a brushup rehearsal onstage. GINGER, VIVIAN, MINNIE, and DOLORES are very hungover.",,,,,
207 Scene Seven: Adjoining Dressing Rooms,"Adjoining Dressing Rooms
The Ballroom at The Hotel Del Coronado",,No. 19 - RIDE OUT THE STORM,JOSEPHINE charges into the dressing room.,,,,,
208 Scene Eight: Hotel Hallway,Hotel Hallway,,No 20 - TIP TAP TROUBLE,"Lots of door slamming, double crosses and hidden disguises. SPATS and his men chase JOE, DAPHNE, and SUGAR. MULLIGAN and his men chase SPATS and his men. SUE, OSGOOD, the ladies all get in on the action.
The whole company chases JOE and DAPHNE. It's a mad, mad, mad, mad, mad, mad world!
SUGAR enters to save the day.",,,,,
209 Scene Nine: Hottest Nightclub in Hollywood,The Hottest Nightclub in Hollywood,,"NO. 21 - BABY, LET'S GET GOOD",OSGOOD takes the stage. SUE makes a fabulous entrance and raises a highball glass.,,,,,
299 Postshow,,,,,,,,,