Name,Version,Scene,Cue List,Content Notes,Creator,LOOP IN,LOOP OUT
,,,,,Morgan Ellis,,
100-001-CH20-PRESHOW,,,"1.00,40.50",,Casey Brennan,,
101-001-OVERTURETHIRSTYFOR,2.0,S100 - OVERTURE,"4.00,3.00,2.00","swap out wood paneling to concrete,add drop shadow to everything,""sync to click track, make buildings, moon, stars bounce back and forth"",weird glitch as curtain opens - Riley working on it,scale moon up and come down a bit,horizontal led chase animation not supporting storytelling or musicality ikho,flicker of white to blue when the curtain goes up at the top of the song - Riley working on it,hold back the color/contrast of the opening stars and building,white drop shadow on SL. ,post-curtain up feels wimpy color wise. May need NDI & light look.,""add grunge to each layer, right now it is on top of everything"",vivid green is too bright,building timing is off,CH10.1 looks pixelated,click timing for final section is off. check vor,Easy ease building moves. Chunky,2:01:49 Green v bright,2:05:29 Bottom too dark,""Click C - brightness off, bottom is too dark"",buildings at the very end are kinda ugly. I think too much tweaking with levels.,Click D is being taken in the wrong spot? check vor and adjust.,Thirsty Click A is off by a few bars. Use Vor to fix.,""Click B - last few times I've had to take manually. Check if it is an issue with content/vor, the wrong time target in millumin or wut
"",v04 available,pops in the pink/purple section -- add more but idea is there,dance break needs some love timing and flashy lights,3rd buildings are too dark,we need a second visual look on the 2nd bum bum bum (between curtain raise and stars coming in),need a button for what are you thirsty for,weird pop into Thirsty A,V05 available",Casey Brennan,,
102-001-STREETEXT,4.0,,5.00,"take the lower texture up into the buildings (don't think we want to do this anymore but it's ready),chicago skyline: arrange so not lost behind scenic detail",Casey Brennan,,
102-002-STREETEXTLATER,4.0,,6.00,"chicago skyline: arrange so not lost behind scenic detail,V05 png available,""Far SL/SR top very bright, gradient in""",Casey Brennan,,
103-001-CH20-CHEETAHCLUB,3.0,,"7.00,10.00","Going in to Cheetah Club - have the split curtain start off stage and come in.,""V04 available with curtain sweep - NEED A V5 - v4 is missing alpha channel
"",Didn't get LX 125,Fast curtain pull jarring. Maybe slow down and pull from center.,pattern shifted from previous cue,in song cheetah club doesn't match in scene. why?,""add an 8.2 to restore to the club post song, so no lights."",""didn't receive 199 in rehearsal, did we receive in the dress rehearsal?""",Casey Brennan,,
103-002-CH20-CHEETAHCLUBSPATSOFFICE,1.0,,"9.00,11.00",guide layer peeking out,Casey Brennan,,
103-004-CANTHAVEME,2.0,,8.00,"flickering and glitching,not sure if we like the blur. they are where they are.,""dim the room, add a ground row that can dance with them"",V02 available,""Should we do something at the beginning of """"You Can't""""?, even a brighten?""",Casey Brennan,,
103-005-CANTHAVEMEREPRISE,1.0,,,"didn't get a reprise trigger frome timecode,Didn't get LX cue,""8.5 Needs to be a fade or match previous cue. There was a jump
""",Casey Brennan,,
103-006-CANTHAVEMEREPRISEB,3.0,,8.50,"V03 available,""8.5 Needs to be a fade or match previous cue. There was a jump
""",Casey Brennan,,
104-002-CHEETAHCLUBSPATSOFFICE,1.0,,,"""missing grunge, like the emboss, maybe need a vignette"",V03 available,Make sure Ch3 is off for scene change (not sure if that's this spats office or next one)",Morgan Ellis,,
105-001-VAMP,2.0,,"13.00,14.00,14.20,14.40,14.60","""add grunge overlay/seedy overlay to VAMP, Play with blocking of texture"",strumming effect can glow and get a different color (not white),change the sides to a solid color/add vignette,V04 available,at end: switch out skyline & cheetah club at end of vamp for new version. time is 8:37pmCST,take down the whites and the pops,V03 available,look at internal timings in vor. it isn't quite matching up.,Skip brightening and just settle into darker look we get to later,""Curtain pull, we should try to avoid seeing the black on channel 3 move"",""Don't go to chicago at the end of this - rendered NEW V4
"",This pattern needs cleanup. Seeing a lot of white in the edges.,This grunge is too much at the top of vamp,re-align the hits in the earlier section,v05 available",Morgan Ellis,,
105-002-CheetahChase_V01,,,12.00,"""v02 available
"",Uplights look unrealistic,""swap out background of spat's office to cheetah club. - New 103-007 Still
""",Casey Brennan,,
106-001-TRAINSTATION,3.0,,"16.00,15.50,18.00,16.50,17.00,15.00,19.00","Train split in half to move into the train car,Columns could go steel i-beam rather than neo-classical,re-export as alpha,""new train: too bright, too AI"",""build a look that matches the set more (marble, some green-brown-beige) etc."",""train starts moving, let it be during their lean back. speed it quickly and blur out"",Need to add to side truss ch1/5,looping outdoors for the train windows,Sugar sings solo - color shift,Jason wants an intermediate step from train platform to inside train,""make the opening with all aboard slower, ease it open"",Still missing Ch01 and Ch05,Doublecheck all these timings,This should be with LX 343",Riley Sato,,
107-001-CH20-TRAIN LOOP CLOUDY DAY,,,,,,,
107-002-CH20-WASHROOM LOOP,,,,,Casey Brennan,,
107-003-CH20-DARKERSHADEOFBLUE,4.0,,"20.10,20.00","""CH10.2, swap in for the diamond texture"",swap grunge for a swankier texture (crushed velvet),recompose the stars for this configuration. they are too small,uplight dimension,bandshell: color chasing,""go into a """"nothing space"""", lean in to color, gradient, stars. Can be more emotional texture."",add fake lights above the door transom,match to timecode/wandel,export without the glow for speed,uplight and bandshell - need to match colors,didn't get a ping from lx or timecode?,Much slower fade to blue noise background,More and smaller stars,Start evolution of noise when click starts,This song needs a button,Need a rehearsal look after this song,Stars too bright,""Need to restore to basement
"",""bring the stars in when she crosses downstage """"a violin can warm you"""" (timecode roughly: 06:01:03:00)"",add a restore to the venue (sans lighting),What if we kept it in the washroom until the second verse and then we can introduce the blue texture moving?",Casey Brennan,,
108-001-TAKE IT UP A STEP,1.0,,"21.00,22.00,24.00,25.00,27.00,28.00","""adjust colors, ditch train. use opening curtain look to reveal each new place"",each look should get us closer to our west coast fairytale golden ticket,upres the curtains in Des Moines,green cutains in funeral parlour are pixelated,""check placemenet and layering, some layers are slipping through or spilling over"",use the motion of the signs going across to bring us to the new location,""locations are nice places in fancy venues, nicest venues in town, not speakeasies behind closed doors and hidden alleys."",Wichita = rehearsal,""Omaha = rehearsal
"",couple of flashes in Take It To the Top,Move the color changing lights to later. Doesn't dramaturgically make sense at the top of the song,""V04 available
"",take down scale of the peeling paint texture.,slow down austrian curtain,want to try curtain wipes form left to right instead up austrian curtain up,Denver needs to be classier,Denver is too hot / bright. consider more tan/beige. lessen the grunge.,Denver and Zeebap don't match. Update the comp references.,darken the sides with a vignette - rehearsal,we slam into wichita -- slow down the fade up,Update take a step to V06",Casey Brennan,,
108-002-REHEARSALPRETAKEITUP,,,,,Riley Sato,,
109-002-CH20-ZEEBAP,,,31.00,V02 designed to timecode/wandel maybe.,Casey Brennan,,
109-002-ZEEBAP,1.0,,,"no swords in top half of video at some points. (KC: that is currently intentional but does not need to be. was just trying to find some variance in the song.),Denver is too hot / bright. consider more tan/beige. lessen the grunge.,remove words,consider less variance on spinning sword rays.,Denver and Zeebap don't match. Update the comp references.,swords come in abruptly,sword circles going out too abrupt",Casey Brennan,,
110-001-BAGGAGE CAR,1.0,,32.00,"Make luggage more illustrative,we skipped over the color change cue? not sure why. LX or timecode issue? double check.,V05 available",Casey Brennan,,
110-002-MAJESTIC NICKEL MATINEE,1.0,,"33.00,33.40,33.50","""make it glow, make it sparkle, tint it purple"",transition from majestic nickel matinee into sc 11 coronado,""vignette ch01&ch05, restore to blue at end instead of colorful baggage car"",timecode/wandel match,V04",Casey Brennan,,
111-001-WAVES,,,"34.00,35.00,34.20,35.20,35.30,34.40,35.50,35.80","find musical in between choreo or singing that we could do some fun animation,""beginning can be really illustrative, tone down in the middle, pick back up towards the end"",""fish, flowers, water, love raining from the sky when he sees Daphne and learns her name"",Movement a little fast across. Wood texture too bright and too big in scale,ch05 has double layer on wood,""millionaire should have three clicks: top, beautiful, Daphne
"",do we need to add a blur or something when the syncopators enter through the audience?,""after the button, let's add a CH03 mask so Osgood can exit thorugh the curtain without being silhouetted"",Fish are steely. Maybe make them slower? Motion blur? 60fps?,""Hearts are a little too dim, because we're pulling them down in Millumin.""",Riley Sato,,
115-001-CH20-BALLROOM,,,"40.10,41.00,40.20,40.00,40.30,42.00,42.20","""foreground grates need lienar wooden panels to follow the lines of the chevrons, add LED tape."",""the chandeliers are glitching out, check the script"",scale up windows,wandel/timecode match,""Wrong ballroom wood - New V02
""",Casey Brennan,,
115-002-CH20-BALLROOMDAY.png,,,52.00,turn off lights in daytime ballroom,Casey Brennan,,
115-002-HELIED,3.0,,"53.00,53.50,54.00","""butterflies later, on """"deserves"""" rather than daphne"",""adjust timing on world switches, turn down the brightness of the green"",""switches between worlds are quick shifts, not languid"",swap in daytime look,""missing one switch back to the daytime ballroom. Colin's lights are white and cold, so maybe we go black and white here instead?"",Timing mismatch with lighting in restore/blue moments,Bottom too bright,v04 available,someone he aint - colin goes isolated and purple",Casey Brennan,,
202-001-LETS BE BAD,,,"44.00,45.00,45.10,45.20,45.30,45.40","PNG available,bring moon down,masking issue on ch04,V05 available,what if we use the same stars & moon from the Caledonia 7 so it's like we're under the same skyyy,""Wrong room wallpaper at start of song, doesn't match 226"",Cantina over stage right looks good here. Make sure this tracks in Fly Mariposa fly.,the blue after the bright red is too bright. - i think this is supposed to be in let's be bad...,needs new background for room 226,vignette / spotlight goes away. need to integrate the new version,castanettes / red timing is off.,We should revisit let's be bad. See if we can be more methodical than whole color shifts. Still not sold on the design of this look,""Lets be bad to Caledonia seven, we should make it the same moon and line it up - change the moon in Let's be bad to match caledonia"",glow button at the end of lets be bad is nice. it should fade out slower,Moon out of Let's be bad doesn't match caledonia,v06 available",Casey Brennan,,
202-002-FLYMARIPOSA,,,"48.00,49.00,49.00,49.30,49.40","""SL top channel does not match - FIXED new V02
"",after mariposa & before room 226: blur the room into purple,V02 available ,particle system for butterflies?,what if we use the same stars & moon from the Caledonia 7 so it's like we're under the same skyyy,v03 available,should we stay blurry in the transition and then in LX 753 go sharper?,The mirror image butterfly in mariposa snuck back in. Offset the two loops.",Casey Brennan,,
203-001-YACHT_V01,,,"47.00,46.00,47.50","stick in the blues and greens in the shooting stars,wandel/timecode match,Too bright/ugly,Clouds too bright/pixelated,this is when it should fade out/restore?,""""""Fade out"""" Maybe do an iris down  to black or an intermediary look? Ad the very least this cue should dip down more
"",they have added more bars to dance the world away -- will be wrong tonight -- will try to integrate by matinee tomorrow but more likely wednesday. -- i didn't notice where the 2 bars were added?",Casey Brennan,,
207-010-RIDEOUTTHESTORM_V02,,,"55.00,56.00,54.00","Double check lighting cues,Fan was already too far open by curtain open. You should probably just prerender this sequence out so you can do time remapping,""Drop shadow is making everything too steppy, see if you can find another way to create depth"",""Button continued to spin, but should freeze"",adjust the start of the bloom opening to later? the curtain doesn't open until later and we want to see it slowly grow.,""Start of music for Rid out the storm needs something, at least dim
"",""at the music speed up, the color shift has some pixelization and there is a jump"",""with LX 838, darken so it isn't pulling our eye up stage (very bright)""",Casey Brennan,,
209-001-CH20-DAPHNECITAS,,,,"V01 available,SR Transom not aligned,transom SL is off,""Rays aren't even, different gaps at center proscenium, should have no gap. SL wrong"",Band too dim/blue",Casey Brennan,,
800-001-CH20-Room226,,,"36.00,43.00","try the purple golden art deco as the room,after mariposa & before room 226: blur the room into purple,V03 available",Casey Brennan,,
800-002-CH20-FEATHER_V01,,,"51.20,50.00,51.30,51.40","find a way to animate the fan - maybe it slowly flips open? should we add DAPHNE on the fan?,don't bump back to room 226,Make this room 226 not blurry Sr,""tracking in of fan is very chunky, need to smooth out"",V04 available . JK JK - RE EXPORT WITHOUT THE VOR VIDEO IN THE BG,V04 available",Casey Brennan,,
801-001-CH20-114CheetahClub,,,38.00,"""Weird mask cutoffs, not lining up with set""",Casey Brennan,,
801-002-CH20-114DeptOfJustice,,,39.00,,Casey Brennan,,
802-001-CH20-113CoronadoHallway,,,37.00,"swap in for coronado lobby,swap for coronodo hallway,""for transition, blur out SL and then shift spotlight focus to SR""",Casey Brennan,,
802-002-208TIPTAPTROUBLE,,,57.00,"""want to see movement we've never seen before in the """"gameshow"""""",""when Sugar calls for """"GIRLS"""" video can be going going going all the time"",need to swap in updated ballroom and lobby. there may be a few more locations.,happened too early?,""timing/ zhuzhing needed -- the bangs don't work in the ballroom, set everything back by a few seconds"",joey and daphne sneak out -- need something on CH02,tip tap trouble IN is abrupt,Ballroom before Tip Tap Trouble Still wrong,""need a new background for ballroom, wood is wrong"",Add something for Jos/Daphne reveal as they sneak across proscenium tip tap,During dance break - latin inspired movement everywhere,v03 availabile,need a button at the end of the song,all the fucking beats are off what is event he point?,Some of the backdrops look very awkward when tracking up,V04 available",Casey Brennan,,
803-001-CH20-CH03MASK,1.0,,,,Morgan Ellis,,
803-002-CH20-CH03MASKInvert,1.0,,,,Morgan Ellis,,
803-005-SPOTLIGHTMASK,1.0,,,,Morgan Ellis,,
nothing USC in the transition to Spats' office,,,9.00,,Casey Brennan,,