Note,Scene Name,Cue #,TYPE,Done,Priority,Content,In Progress,Assigned To,Created Time,Photo,created by
make sure they get a millumin license,,,ADMIN,,5,,,,9/23/2026 1:47pm,,Casey Brennan
Finish Moodboards,,,ARTISTIC,checked,,,,Morgan Ellis,7/16/2026 11:54am,,Riley Sato
Set up meeting with Jason to review moodboards,,,ADMIN,checked,,,,Morgan Ellis,7/16/2026 12:07pm,,Casey Brennan
Transfer SLIH Grimoire to Airtable,,,TECHNICAL,checked,,,checked,Riley Sato,7/16/2026 12:07pm,,Casey Brennan
Research Millumin,,,R&D,checked,,,,"Riley Sato,Morgan Ellis",7/16/2026 12:08pm,,Casey Brennan
AE Templates,,,TECHNICAL,checked,,,,Riley Sato,7/16/2026 12:09pm,,Casey Brennan
"Review contract, figure out delineation of responsibilities",,,ADMIN,checked,,,,,7/16/2026 12:10pm,,Casey Brennan
TIMECODE? ,,,PROD MTG,checked,,,,,7/16/2026 1:39pm,,Riley Sato
Networking between Lighting/Sound/Video for Vor and Cueing ,,,PROD MTG,checked,,,,,7/16/2026 1:40pm,,Riley Sato
Share Research Notes with Casey,,,ARTISTIC,checked,,,,Morgan Ellis,7/16/2026 1:52pm,,Casey Brennan
Create/Edit AirTable,,,TECHNICAL,checked,,,checked,Riley Sato,7/16/2026 1:54pm,,Casey Brennan
Email Jerid about contract,,,ADMIN,checked,,,,Casey Brennan,7/16/2026 1:55pm,,Casey Brennan
Check with KP and Jerid about tech deadlines and requests,,,ADMIN,checked,,,,Casey Brennan,7/16/2026 1:55pm,,Casey Brennan
Storyboarding: Choose one number that includes a transition to share with Jason.,,,ARTISTIC,checked,,,,"Casey Brennan,Riley Sato,Morgan Ellis",7/20/2026 1:24pm,,Casey Brennan
Equipment Request / System Schematic,,,TECHNICAL,checked,,,,Casey Brennan,7/20/2026 1:25pm,,Casey Brennan
Build Clock In/Clock Out Log,,,ADMIN,checked,,,,,7/20/2026 1:26pm,,Casey Brennan
Ask Paul about Milulumin,,,R&D,checked,,,,,7/20/2026 1:27pm,,Casey Brennan
Ask Lenora about Millumin,,,R&D,checked,,,,,7/20/2026 1:27pm,,Casey Brennan
"Set up meeting with Matt, Colin, Morgan about timecode integration",,,TECHNICAL,checked,,,,,7/20/2026 2:40pm,,Casey Brennan
"Set up meeting with Jerid, Youstra, and Ben for band video",,,"STAGE MANAGEMENT,CONTENT",checked,,,,,8/17/2026 12:49pm,,Casey Brennan
Ask if we can bring a photographer in,,,ADMIN,checked,,,,Morgan Ellis,9/9/2026 6:33pm,,Morgan Ellis
figure out numbering system with lighting,,,TECHNICAL,checked,,,,,9/10/2026 4:56pm,,Casey Brennan
figure out how to autopopulate scene name in notes view.,,,ADMIN,checked,,,,,9/10/2026 7:55pm,,Casey Brennan
thank you for adjusting the curtain trim height!,,,PROD MTG,checked,,,,,9/11/2026 4:29pm,,Morgan Ellis
CH03 Mask available,,,PROGRAMMING,checked,,,,,9/12/2026 4:34pm,,Casey Brennan
CH03 Mask Invert available,,,PROGRAMMING,checked,,,,,9/12/2026 4:34pm,,Casey Brennan
"click track sheet:
1. which doc is correct, one is SM folder or one is MUSIC folder (copy)? is it a live doc or is it finalized?
2. ""poor little millionaire"" has 4 clicks, more than score (2-3)
3. ""take it up a step"" says msr 16 start but it seems like it should be top of song?
what are our other click questions",,,PROD MTG,checked,4,,,,9/12/2026 9:30pm,,Morgan Ellis
try the purple golden art deco as the room,,,CONTENT,checked,5,800-001-CH20-Room226,,,9/13/2026 1:33pm,,Casey Brennan
PNG available,,,PROGRAMMING,checked,,202-001-LETS BE BAD,,,9/13/2026 2:36pm,,Casey Brennan
"in the far angles of the audience, we are able to see the back of the LED wall. need masking.",,,PROD MTG,checked,5,,checked,,9/13/2026 3:05pm,,Morgan Ellis
"as Osgood & syncos swan takeoff, think of a wipe of some sort here to pull down on HR",,,,checked,,,,,9/13/2026 8:25pm,,Morgan Ellis
V02 available,,,PROGRAMMING,checked,,103-004-CANTHAVEME,,,9/15/2026 10:30pm,,Casey Brennan
"Can we build a hot key panic button? In case of emergency. SHIFT T WILL GO TO BLACKOUT AT TOP OF SHOW
",,,PROGRAMMING,checked,,,,,9/16/2026 8:19pm,,Casey Brennan
V03 available,,,PROGRAMMING,checked,,103-006-CANTHAVEMEREPRISEB,,,9/16/2026 8:33pm,,Casey Brennan
look at the top of VAMP,,,PROGRAMMING,checked,,,,,9/16/2026 8:37pm,,Casey Brennan
Change Room226 to the new pattern and update in relevant comps,,,CONTENT,checked,5,,,,9/17/2026 10:53am,,Casey Brennan
Track Ballroom content change and update in relevant comps,,,"CONTENT,ARTISTIC",checked,5,,,,9/17/2026 10:54am,,Casey Brennan
Track Lobby content change and update in relevant comps,,,"CONTENT,ARTISTIC",checked,5,,,,9/17/2026 3:16pm,,Casey Brennan
Entr'acte: band video,,,"CONTENT,ARTISTIC",checked,5,,,,9/17/2026 10:49pm,,Casey Brennan
Bows band video,,,"CONTENT,ARTISTIC",checked,5,,,,9/17/2026 10:49pm,,Casey Brennan
remove words,,,CONTENT,checked,5,109-002-ZEEBAP,,,9/17/2026 11:07pm,,Riley Sato
"Wrong room wallpaper at start of song, doesn't match 226",,,CONTENT,checked,5,202-001-LETS BE BAD,,,9/17/2026 11:20pm,,Riley Sato
add a restore to the venue (sans lighting),,,"CONTENT,PROGRAMMING",checked,5,107-003-CH20-DARKERSHADEOFBLUE,,,9/18/2026 6:37am,,Casey Brennan
Denver is too hot / bright. consider more tan/beige. lessen the grunge.,,,CONTENT,checked,,"108-001-TAKE IT UP A STEP,109-002-ZEEBAP",,,9/18/2026 6:38am,,Casey Brennan
"We were not in preset at house open. I suspect we tested the click track. While we should do that, we should remember that it will advance video into opening so we will need to reset it to preshow.
",,,PROD MTG,checked,5,,,,9/18/2026 5:01pm,,Casey Brennan
Need to make a preshow checklist,,,ADMIN,checked,5,,,,9/18/2026 10:45pm,,Riley Sato
Timecode got fired during preshow. That will jump the video cues.,,,PROD MTG,checked,5,,,,9/19/2026 2:04pm,,Casey Brennan
are there any other added measures we are thinking about? can we consider ourselves tempo/music/timecode locked?,,,PROD MTG,checked,,,,,9/19/2026 10:08pm,,Casey Brennan
Youstra come out to conduct the digital orchestra?,,,PROD MTG,checked,,,,,9/19/2026 10:28pm,,Casey Brennan
can we get a tech table set out on monday?,,,PROD MTG,checked,,,,,9/19/2026 10:35pm,,Casey Brennan
Update take a step to V06,,,,checked,5,108-001-TAKE IT UP A STEP,,,9/20/2026 3:34pm,,Riley Sato
Build a blackout check cue,,,,checked,,,,,9/23/2026 12:56pm,,Casey Brennan
"Take out the center slower maybe 9s
",,0.10,PROGRAMMING,checked,,,,,9/18/2026 8:14pm,,Riley Sato
weird glitch as curtain opens - Riley working on it,100 Overture,2.00,CONTENT,checked,5,101-001-OVERTURETHIRSTYFOR,,,9/10/2026 5:20pm,,Casey Brennan
flicker of white to blue when the curtain goes up at the top of the song - Riley working on it,100 Overture,2.00,CONTENT,checked,5,101-001-OVERTURETHIRSTYFOR,,,9/11/2026 2:51pm,,Morgan Ellis
hold back the color/contrast of the opening stars and building,100 Overture,2.00,CONTENT,checked,,101-001-OVERTURETHIRSTYFOR,,,9/11/2026 2:53pm,,Morgan Ellis
design to wandel/timecode/click,100 Overture,2.00,CONTENT,checked,5,,,,9/11/2026 10:00pm,,Casey Brennan
dance break needs some love timing and flashy lights,100 Overture,2.00,CONTENT,checked,2,101-001-OVERTURETHIRSTYFOR,,,9/17/2026 10:50pm,,Casey Brennan
3rd buildings are too dark,100 Overture,2.00,CONTENT,checked,2,101-001-OVERTURETHIRSTYFOR,,,9/17/2026 10:50pm,,Casey Brennan
Thirsty Click A is off by a few bars. Use Vor to fix.,100 Overture,2.00,,checked,5,101-001-OVERTURETHIRSTYFOR,,,9/17/2026 11:26pm,,Casey Brennan
v04 available,100 Overture,2.00,PROGRAMMING,checked,,101-001-OVERTURETHIRSTYFOR,,,9/18/2026 3:05pm,,Casey Brennan
pops in the pink/purple section -- add more but idea is there,100 Overture,2.00,CONTENT,checked,1,101-001-OVERTURETHIRSTYFOR,,,9/18/2026 3:46pm,,Casey Brennan
we need a second visual look on the 2nd bum bum bum (between curtain raise and stars coming in),100 Overture,2.00,"CONTENT,DIRECTOR",checked,5,101-001-OVERTURETHIRSTYFOR,,,9/19/2026 7:23pm,,Casey Brennan
swap out wood paneling to concrete,100 Overture,3.00,CONTENT,checked,3,101-001-OVERTURETHIRSTYFOR,,Casey Brennan,9/7/2026 10:15am,,Morgan Ellis
add drop shadow to everything,100 Overture,3.00,CONTENT,checked,3,101-001-OVERTURETHIRSTYFOR,,Casey Brennan,9/7/2026 10:32am,,Casey Brennan
Redesign with the book scene incorporated,100 Overture,3.00,CONTENT,checked,5,,,,9/9/2026 4:21pm,,Casey Brennan
The palm chevrons look a little chunky. Make the lines wider.,100 Overture,3.00,CONTENT,checked,3,,,,9/9/2026 4:21pm,,Casey Brennan
white drop shadow on SL. ,100 Overture,3.00,CONTENT,checked,3,101-001-OVERTURETHIRSTYFOR,,,9/9/2026 4:27pm,,Casey Brennan
third building too dark,100 Overture,3.00,CONTENT,checked,3,,,,9/9/2026 4:28pm,,Casey Brennan
post-curtain up feels wimpy color wise. May need NDI & light look.,100 Overture,3.00,CONTENT,checked,3,101-001-OVERTURETHIRSTYFOR,,,9/17/2026 10:50pm,,Casey Brennan
"add grunge to each layer, right now it is on top of everything",100 Overture,3.00,CONTENT,checked,3,101-001-OVERTURETHIRSTYFOR,,,9/17/2026 10:50pm,,Casey Brennan
building timing is off,100 Overture,3.00,CONTENT,checked,,101-001-OVERTURETHIRSTYFOR,,,9/17/2026 10:52pm,,Casey Brennan
CH10.1 looks pixelated,100 Overture,3.00,CONTENT,checked,3,101-001-OVERTURETHIRSTYFOR,,,9/17/2026 10:53pm,,Casey Brennan
vivid green is too bright,100 Overture,3.00,CONTENT,checked,,101-001-OVERTURETHIRSTYFOR,,,9/17/2026 10:53pm,,Casey Brennan
click timing for final section is off. check vor,100 Overture,3.00,CONTENT,checked,,101-001-OVERTURETHIRSTYFOR,,,9/17/2026 10:57pm,,Casey Brennan
Easy ease building moves. Chunky,100 Overture,3.00,CONTENT,checked,,101-001-OVERTURETHIRSTYFOR,,,9/17/2026 11:07pm,,Riley Sato
2:01:49 Green v bright,100 Overture,3.00,CONTENT,checked,,101-001-OVERTURETHIRSTYFOR,,,9/17/2026 11:08pm,,Riley Sato
2:05:29 Bottom too dark,100 Overture,3.00,CONTENT,checked,3,101-001-OVERTURETHIRSTYFOR,,,9/17/2026 11:08pm,,Riley Sato
"Click B - last few times I've had to take manually. Check if it is an issue with content/vor, the wrong time target in millumin or wut
",100 Overture,3.00,"CONTENT,PROGRAMMING",checked,5,101-001-OVERTURETHIRSTYFOR,,,9/18/2026 7:25am,,Casey Brennan
weird pop into Thirsty A,100 Overture,3.00,PROGRAMMING,checked,,101-001-OVERTURETHIRSTYFOR,,,9/19/2026 7:23pm,,Casey Brennan
V05 available,100 Overture,3.00,PROGRAMMING,checked,,101-001-OVERTURETHIRSTYFOR,,,9/21/2026 4:29pm,,Casey Brennan
"Click C - brightness off, bottom is too dark",101 Scene One: Hottest Speakeasy in Chicago,3.40,CONTENT,checked,3,101-001-OVERTURETHIRSTYFOR,,,9/17/2026 11:26pm,,Casey Brennan
"sync to click track, make buildings, moon, stars bounce back and forth",101 Scene One: Hottest Speakeasy in Chicago,4.00,CONTENT,checked,3,101-001-OVERTURETHIRSTYFOR,,Casey Brennan,9/7/2026 10:34am,,Casey Brennan
horizontal led chase animation not supporting storytelling or musicality ikho,101 Scene One: Hottest Speakeasy in Chicago,4.00,CONTENT,checked,,101-001-OVERTURETHIRSTYFOR,,,9/10/2026 5:20pm,,Casey Brennan
scale moon up and come down a bit,101 Scene One: Hottest Speakeasy in Chicago,4.00,CONTENT,checked,,101-001-OVERTURETHIRSTYFOR,,,9/10/2026 5:20pm,,Casey Brennan
buildings at the very end are kinda ugly. I think too much tweaking with levels.,101 Scene One: Hottest Speakeasy in Chicago,4.00,CONTENT,checked,3,101-001-OVERTURETHIRSTYFOR,,,9/17/2026 11:11pm,,Riley Sato
Click D is being taken in the wrong spot? check vor and adjust.,101 Scene One: Hottest Speakeasy in Chicago,4.00,"CONTENT,PROGRAMMING",checked,5,101-001-OVERTURETHIRSTYFOR,,,9/17/2026 11:26pm,,Casey Brennan
need a button for what are you thirsty for,101 Scene One: Hottest Speakeasy in Chicago,4.00,"CONTENT,PROGRAMMING",checked,3,101-001-OVERTURETHIRSTYFOR,,,9/19/2026 7:40pm,,Casey Brennan
take the lower texture up into the buildings (don't think we want to do this anymore but it's ready),102 Scene Two: The Street,5.00,CONTENT,checked,3,102-001-STREETEXT,checked,,9/7/2026 10:44am,,Casey Brennan
RENAME one of the 102-001-CH20- to have a different unique identifier,102 Scene Two: The Street,5.00,,checked,,,,,9/10/2026 4:51pm,,Casey Brennan
chicago skyline: arrange so not lost behind scenic detail,102 Scene Two: The Street,5.00,CONTENT,checked,,"102-001-STREETEXT,102-002-STREETEXTLATER",checked,,9/10/2026 7:10pm,,Casey Brennan
V05 png available,102 Scene Two: The Street,6.00,PROGRAMMING,checked,4,102-002-STREETEXTLATER,,,9/17/2026 10:51pm,,Riley Sato
"Far SL/SR top very bright, gradient in",102 Scene Two: The Street,6.00,CONTENT,checked,4,102-002-STREETEXTLATER,,,9/17/2026 10:53pm,,Riley Sato
guide layer peeking out,103 Scene Three: The Cheetah Club,7.00,CONTENT,checked,,103-002-CH20-CHEETAHCLUBSPATSOFFICE,,,9/10/2026 7:02pm,,Casey Brennan
Going in to Cheetah Club - have the split curtain start off stage and come in.,103 Scene Three: The Cheetah Club,7.00,CONTENT,checked,,103-001-CH20-CHEETAHCLUB,,,9/10/2026 7:55pm,,Casey Brennan
"V04 available with curtain sweep - NEED A V5 - v4 is missing alpha channel
",103 Scene Three: The Cheetah Club,7.00,CONTENT,checked,,103-001-CH20-CHEETAHCLUB,,,9/16/2026 1:11pm,,Casey Brennan
Didn't get LX 125,103 Scene Three: The Cheetah Club,7.00,PROGRAMMING,checked,5,103-001-CH20-CHEETAHCLUB,,,9/17/2026 10:52pm,,Riley Sato
Fast curtain pull jarring. Maybe slow down and pull from center.,103 Scene Three: The Cheetah Club,7.00,CONTENT,checked,3,103-001-CH20-CHEETAHCLUB,,,9/17/2026 10:54pm,,Riley Sato
flickering and glitching,103 Scene Three: The Cheetah Club,8.00,CONTENT,checked,,103-004-CANTHAVEME,,,9/10/2026 5:20pm,,Casey Brennan
not sure if we like the blur. they are where they are.,103 Scene Three: The Cheetah Club,8.00,CONTENT,checked,,103-004-CANTHAVEME,,,9/10/2026 6:58pm,,Casey Brennan
"dim the room, add a ground row that can dance with them",103 Scene Three: The Cheetah Club,8.00,CONTENT,checked,,103-004-CANTHAVEME,,,9/10/2026 6:59pm,,Casey Brennan
pattern shifted from previous cue,103 Scene Three: The Cheetah Club,8.00,CONTENT,checked,5,103-001-CH20-CHEETAHCLUB,,,9/17/2026 10:54pm,,Riley Sato
in song cheetah club doesn't match in scene. why?,103 Scene Three: The Cheetah Club,8.00,CONTENT,checked,,103-001-CH20-CHEETAHCLUB,,,9/17/2026 11:27pm,,Casey Brennan
"Should we do something at the beginning of ""You Can't""?, even a brighten?",103 Scene Three: The Cheetah Club,8.00,"PROGRAMMING,CONTENT",checked,3,103-004-CANTHAVEME,,,9/18/2026 7:48pm,,Riley Sato
"add an 8.2 to restore to the club post song, so no lights.",103 Scene Three: The Cheetah Club,8.20,PROGRAMMING,checked,5,103-001-CH20-CHEETAHCLUB,,,9/17/2026 11:27pm,,Casey Brennan
V03 available,103 Scene Three: The Cheetah Club,8.50,PROGRAMMING,checked,,104-002-CHEETAHCLUBSPATSOFFICE,,,9/16/2026 1:11pm,,Casey Brennan
didn't get a reprise trigger frome timecode,103 Scene Three: The Cheetah Club,8.50,PROGRAMMING,checked,5,103-005-CANTHAVEMEREPRISE,,,9/17/2026 11:04pm,,Casey Brennan
"8.5 Needs to be a fade or match previous cue. There was a jump
",103 Scene Three: The Cheetah Club,8.50,PROGRAMMING,checked,,"103-005-CANTHAVEMEREPRISE,103-006-CANTHAVEMEREPRISEB",,,9/18/2026 7:56pm,,Riley Sato
Should probably take out the center for this cue / add CH03 Mask,103 Scene Three: The Cheetah Club,8.50,PROGRAMMING,checked,,,,,9/18/2026 7:57pm,,Riley Sato
V04 available,"103 Scene Three: The Cheetah Club,103 Scene Three: The Cheetah Club","8.20,8.50","DIRECTOR,PROGRAMMING",checked,5,,,,9/18/2026 11:43pm,,Riley Sato
"missing grunge, like the emboss, maybe need a vignette",104 Scene Four: Spats's Office,9.00,CONTENT,checked,,104-002-CHEETAHCLUBSPATSOFFICE,,,9/10/2026 7:04pm,,Casey Brennan
Didn't get LX cue,104 Scene Four: Spats's Office,9.00,PROGRAMMING,checked,5,103-005-CANTHAVEMEREPRISE,,,9/17/2026 10:55pm,,Riley Sato
Make sure Ch3 is off for scene change (not sure if that's this spats office or next one),104 Scene Four: Spats's Office,9.00,PROGRAMMING,checked,,104-002-CHEETAHCLUBSPATSOFFICE,,,9/17/2026 11:06pm,,Riley Sato
"didn't receive 199 in rehearsal, did we receive in the dress rehearsal?",104 Scene Four: Spats's Office,10.00,PROGRAMMING,checked,5,103-001-CH20-CHEETAHCLUB,,,9/17/2026 11:05pm,,Casey Brennan
didn't get LX cue 203,104 Scene Four: Spats's Office,11.00,PROGRAMMING,checked,5,,,,9/17/2026 11:06pm,,Casey Brennan
"v02 available
",105 Scene Five: Backstage,12.00,PROGRAMMING,checked,,105-002-CheetahChase_V01,,,9/16/2026 2:45pm,,Casey Brennan
Uplights look unrealistic,105 Scene Five: Backstage,12.00,"PROGRAMMING,CONTENT",checked,,105-002-CheetahChase_V01,,,9/17/2026 10:55pm,,Riley Sato
"swap out background of spat's office to cheetah club. - New 103-007 Still
",105 Scene Five: Backstage,12.00,PROGRAMMING,checked,5,105-002-CheetahChase_V01,,,9/17/2026 11:10pm,,Casey Brennan
This grunge is too much at the top of vamp,105 Scene Five: Backstage,12.00,CONTENT,checked,,105-001-VAMP,,,9/18/2026 8:01pm,,Riley Sato
look at internal timings in vor. it isn't quite matching up.,105 Scene Five: Backstage,13.00,CONTENT,checked,,105-001-VAMP,,,9/17/2026 11:12pm,,Casey Brennan
Skip brightening and just settle into darker look we get to later,105 Scene Five: Backstage,13.00,"CONTENT,PROGRAMMING",checked,,105-001-VAMP,,,9/17/2026 11:12pm,,Riley Sato
"add grunge overlay/seedy overlay to VAMP, Play with blocking of texture",105 Scene Five: Backstage,14.00,CONTENT,checked,5,105-001-VAMP,,Morgan Ellis,9/7/2026 11:04am,,Casey Brennan
strumming effect can glow and get a different color (not white),105 Scene Five: Backstage,14.00,CONTENT,checked,,105-001-VAMP,,,9/10/2026 7:08pm,,Casey Brennan
change the sides to a solid color/add vignette,105 Scene Five: Backstage,14.00,CONTENT,checked,,105-001-VAMP,,,9/10/2026 7:09pm,,Casey Brennan
V04 available,105 Scene Five: Backstage,14.00,PROGRAMMING,checked,,105-001-VAMP,,,9/10/2026 7:09pm,,Casey Brennan
take down the whites and the pops,105 Scene Five: Backstage,14.00,CONTENT,checked,,105-001-VAMP,,,9/11/2026 10:11pm,,Casey Brennan
at end: switch out skyline & cheetah club at end of vamp for new version. time is 8:37pmCST,105 Scene Five: Backstage,14.00,CONTENT,checked,,105-001-VAMP,,,9/12/2026 1:58pm,,Casey Brennan
V03 available,105 Scene Five: Backstage,14.00,PROGRAMMING,checked,,105-001-VAMP,,,9/16/2026 7:53pm,,Casey Brennan
re-align the hits in the earlier section,105 Scene Five: Backstage,14.00,CONTENT,checked,,105-001-VAMP,,,9/19/2026 8:00pm,,Casey Brennan
v05 available,105 Scene Five: Backstage,14.00,PROGRAMMING,checked,5,105-001-VAMP,,,9/21/2026 2:01pm,,Casey Brennan
This pattern needs cleanup. Seeing a lot of white in the edges.,105 Scene Five: Backstage,14.20,CONTENT,checked,3,105-001-VAMP,,,9/17/2026 10:56pm,,Riley Sato
"Don't go to chicago at the end of this - rendered NEW V4
",105 Scene Five: Backstage,14.20,"CONTENT,PROGRAMMING",checked,5,105-001-VAMP,,,9/17/2026 11:04pm,,Riley Sato
"Curtain pull, we should try to avoid seeing the black on channel 3 move",105 Scene Five: Backstage,14.60,"CONTENT,DIRECTOR",checked,3,105-001-VAMP,,,9/17/2026 10:57pm,,Riley Sato
Columns could go steel i-beam rather than neo-classical,106 Scene Six: Union Station Train Platform,15.00,CONTENT,checked,,106-001-TRAINSTATION,checked,,9/7/2026 11:12am,,Casey Brennan
re-export as alpha,106 Scene Six: Union Station Train Platform,15.00,CONTENT,checked,,106-001-TRAINSTATION,,,9/10/2026 5:20pm,,Casey Brennan
"build a look that matches the set more (marble, some green-brown-beige) etc.",106 Scene Six: Union Station Train Platform,15.00,CONTENT,checked,,106-001-TRAINSTATION,checked,,9/10/2026 7:12pm,,Casey Brennan
"new train: too bright, too AI",106 Scene Six: Union Station Train Platform,15.00,CONTENT,checked,4,106-001-TRAINSTATION,checked,,9/10/2026 7:18pm,,Casey Brennan
"train starts moving, let it be during their lean back. speed it quickly and blur out",106 Scene Six: Union Station Train Platform,15.00,CONTENT,checked,,106-001-TRAINSTATION,,,9/10/2026 7:22pm,,Casey Brennan
Need to add to side truss ch1/5,106 Scene Six: Union Station Train Platform,15.00,CONTENT,checked,3,106-001-TRAINSTATION,,,9/12/2026 2:52pm,,Riley Sato
looping outdoors for the train windows,106 Scene Six: Union Station Train Platform,15.00,CONTENT,checked,4,106-001-TRAINSTATION,,,9/12/2026 3:31pm,,Morgan Ellis
Sugar sings solo - color shift,106 Scene Six: Union Station Train Platform,15.00,CONTENT,checked,,106-001-TRAINSTATION,,,9/12/2026 3:46pm,,Casey Brennan
move train split to when Sugar crosses up stage,106 Scene Six: Union Station Train Platform,15.00,PROGRAMMING,checked,,,,,9/12/2026 3:47pm,,Casey Brennan
Still missing Ch01 and Ch05,106 Scene Six: Union Station Train Platform,15.00,CONTENT,checked,,106-001-TRAINSTATION,,,9/17/2026 10:57pm,,Riley Sato
Jason wants an intermediate step from train platform to inside train,106 Scene Six: Union Station Train Platform,16.00,"CONTENT,DIRECTOR",checked,,106-001-TRAINSTATION,,,9/12/2026 3:32pm,,Morgan Ellis
Doublecheck all these timings,106 Scene Six: Union Station Train Platform,16.00,"CONTENT,PROGRAMMING",checked,5,106-001-TRAINSTATION,,,9/17/2026 10:58pm,,Riley Sato
Train split in half to move into the train car,106 Scene Six: Union Station Train Platform,16.50,CONTENT,checked,,106-001-TRAINSTATION,checked,,9/7/2026 11:16am,,Casey Brennan
"make the opening with all aboard slower, ease it open",106 Scene Six: Union Station Train Platform,16.50,CONTENT,checked,,106-001-TRAINSTATION,,,9/12/2026 3:28pm,,Riley Sato
Add Ch03 mask LX189 through spatz,107 Scene Seven: A Train Car,18.00,"DIRECTOR,PROGRAMMING",checked,5,,,,9/18/2026 11:40pm,,Riley Sato
This should be with LX 343,107 Scene Seven: A Train Car,19.00,PROGRAMMING,checked,5,106-001-TRAINSTATION,,,9/17/2026 10:58pm,,Riley Sato
uplight and bandshell - need to match colors,107 Scene Seven: A Train Car,19.00,CONTENT,checked,,107-003-CH20-DARKERSHADEOFBLUE,,,9/17/2026 11:16pm,,Casey Brennan
didn't get a ping from lx or timecode?,107 Scene Seven: A Train Car,19.00,PROGRAMMING,checked,5,107-003-CH20-DARKERSHADEOFBLUE,,,9/18/2026 6:24am,,Casey Brennan
"go into a ""nothing space"", lean in to color, gradient, stars. Can be more emotional texture.",107 Scene Seven: A Train Car,20.00,CONTENT,checked,,107-003-CH20-DARKERSHADEOFBLUE,,,9/7/2026 11:23am,,Casey Brennan
bandshell: color chasing,107 Scene Seven: A Train Car,20.00,CONTENT,checked,,107-003-CH20-DARKERSHADEOFBLUE,,Morgan Ellis,9/7/2026 11:26am,,Morgan Ellis
uplight dimension,107 Scene Seven: A Train Car,20.00,CONTENT,checked,1,107-003-CH20-DARKERSHADEOFBLUE,,Riley Sato,9/7/2026 11:26am,,Casey Brennan
swap grunge for a swankier texture (crushed velvet),107 Scene Seven: A Train Car,20.00,CONTENT,checked,,107-003-CH20-DARKERSHADEOFBLUE,,,9/10/2026 7:24pm,,Casey Brennan
"CH10.2, swap in for the diamond texture",107 Scene Seven: A Train Car,20.00,CONTENT,checked,,107-003-CH20-DARKERSHADEOFBLUE,,,9/10/2026 7:26pm,,Casey Brennan
recompose the stars for this configuration. they are too small,107 Scene Seven: A Train Car,20.00,CONTENT,checked,,107-003-CH20-DARKERSHADEOFBLUE,,,9/10/2026 7:27pm,,Casey Brennan
add fake lights above the door transom,107 Scene Seven: A Train Car,20.00,CONTENT,checked,,107-003-CH20-DARKERSHADEOFBLUE,,,9/10/2026 7:29pm,,Casey Brennan
match to timecode/wandel,107 Scene Seven: A Train Car,20.00,CONTENT,checked,5,107-003-CH20-DARKERSHADEOFBLUE,,,9/11/2026 10:08pm,,Casey Brennan
export without the glow for speed,107 Scene Seven: A Train Car,20.00,CONTENT,checked,5,107-003-CH20-DARKERSHADEOFBLUE,,,9/12/2026 12:03pm,,Casey Brennan
Much slower fade to blue noise background,107 Scene Seven: A Train Car,20.00,CONTENT,checked,5,107-003-CH20-DARKERSHADEOFBLUE,,,9/17/2026 10:59pm,,Riley Sato
More and smaller stars,107 Scene Seven: A Train Car,20.00,CONTENT,checked,3,107-003-CH20-DARKERSHADEOFBLUE,,,9/17/2026 10:59pm,,Riley Sato
Start evolution of noise when click starts,107 Scene Seven: A Train Car,20.00,CONTENT,checked,3,107-003-CH20-DARKERSHADEOFBLUE,,,9/17/2026 11:00pm,,Riley Sato
This song needs a button,107 Scene Seven: A Train Car,20.00,"CONTENT,PROGRAMMING",checked,,107-003-CH20-DARKERSHADEOFBLUE,,,9/17/2026 11:00pm,,Riley Sato
Need a rehearsal look after this song,107 Scene Seven: A Train Car,20.00,"CONTENT,PROGRAMMING",checked,5,107-003-CH20-DARKERSHADEOFBLUE,,,9/17/2026 11:00pm,,Riley Sato
Stars too bright,107 Scene Seven: A Train Car,20.00,CONTENT,checked,,107-003-CH20-DARKERSHADEOFBLUE,,,9/17/2026 11:13pm,,Riley Sato
"Need to restore to basement
",107 Scene Seven: A Train Car,20.10,CONTENT,checked,5,107-003-CH20-DARKERSHADEOFBLUE,,,9/17/2026 11:14pm,,Riley Sato
"bring the stars in when she crosses downstage ""a violin can warm you"" (timecode roughly: 06:01:03:00)",107 Scene Seven: A Train Car,20.10,"CONTENT,DIRECTOR",checked,,107-003-CH20-DARKERSHADEOFBLUE,,,9/17/2026 11:25pm,,Casey Brennan
What if we kept it in the washroom until the second verse and then we can introduce the blue texture moving?,107 Scene Seven: A Train Car,20.10,CONTENT,checked,,107-003-CH20-DARKERSHADEOFBLUE,,,9/19/2026 8:13pm,,Casey Brennan
"adjust colors, ditch train. use opening curtain look to reveal each new place",108 Scene Eight: On the Road,21.00,CONTENT,checked,,108-001-TAKE IT UP A STEP,,,9/7/2026 11:32am,,Morgan Ellis
each look should get us closer to our west coast fairytale golden ticket,108 Scene Eight: On the Road,21.00,CONTENT,checked,3,108-001-TAKE IT UP A STEP,,,9/7/2026 11:37am,,Casey Brennan
match to timecode/wandel,108 Scene Eight: On the Road,21.00,,checked,,,,,9/11/2026 10:09pm,,Casey Brennan
"locations are nice places in fancy venues, nicest venues in town, not speakeasies behind closed doors and hidden alleys.",108 Scene Eight: On the Road,21.00,"CONTENT,DIRECTOR",checked,5,108-001-TAKE IT UP A STEP,,,9/12/2026 7:13pm,,Morgan Ellis
Wichita = rehearsal,108 Scene Eight: On the Road,21.00,CONTENT,checked,,108-001-TAKE IT UP A STEP,,,9/15/2026 8:12pm,,Casey Brennan
"Omaha = rehearsal
",108 Scene Eight: On the Road,21.00,CONTENT,checked,,108-001-TAKE IT UP A STEP,,,9/16/2026 4:03pm,,Casey Brennan
couple of flashes in Take It To the Top,108 Scene Eight: On the Road,21.00,CONTENT,checked,,108-001-TAKE IT UP A STEP,,,9/16/2026 5:31pm,,Casey Brennan
Move the color changing lights to later. Doesn't dramaturgically make sense at the top of the song,108 Scene Eight: On the Road,21.00,CONTENT,checked,,108-001-TAKE IT UP A STEP,,,9/16/2026 9:29pm,,Casey Brennan
take down scale of the peeling paint texture.,108 Scene Eight: On the Road,21.00,CONTENT,checked,3,108-001-TAKE IT UP A STEP,,,9/17/2026 11:19pm,,Casey Brennan
slow down austrian curtain,108 Scene Eight: On the Road,21.00,CONTENT,checked,3,108-001-TAKE IT UP A STEP,,,9/17/2026 11:19pm,,Casey Brennan
want to try curtain wipes form left to right instead up austrian curtain up,108 Scene Eight: On the Road,21.00,CONTENT,checked,3,108-001-TAKE IT UP A STEP,,,9/17/2026 11:19pm,,Casey Brennan
darken the sides with a vignette - rehearsal,108 Scene Eight: On the Road,21.00,CONTENT,checked,,108-001-TAKE IT UP A STEP,,,9/19/2026 8:16pm,,Casey Brennan
upres the curtains in Des Moines,108 Scene Eight: On the Road,22.00,CONTENT,checked,5,108-001-TAKE IT UP A STEP,,,9/10/2026 7:44pm,,Casey Brennan
green cutains in funeral parlour are pixelated,108 Scene Eight: On the Road,22.00,CONTENT,checked,,108-001-TAKE IT UP A STEP,,,9/10/2026 7:46pm,,Casey Brennan
"check placemenet and layering, some layers are slipping through or spilling over",108 Scene Eight: On the Road,22.00,CONTENT,checked,,108-001-TAKE IT UP A STEP,,,9/10/2026 7:50pm,,Casey Brennan
use the motion of the signs going across to bring us to the new location,108 Scene Eight: On the Road,22.00,CONTENT,checked,3,108-001-TAKE IT UP A STEP,,,9/12/2026 5:01pm,,Morgan Ellis
"V04 available
",108 Scene Eight: On the Road,22.00,PROGRAMMING,checked,,108-001-TAKE IT UP A STEP,,,9/17/2026 1:14pm,,Casey Brennan
we slam into wichita -- slow down the fade up,108 Scene Eight: On the Road,27.00,CONTENT,checked,,108-001-TAKE IT UP A STEP,,,9/19/2026 8:14pm,,Casey Brennan
Denver needs to be classier,108 Scene Eight: On the Road,28.00,CONTENT,checked,5,108-001-TAKE IT UP A STEP,checked,,9/17/2026 11:01pm,,Riley Sato
V02 designed to timecode/wandel maybe.,109 Scene Nine: A Club in Denver,31.00,PROGRAMMING,checked,,109-002-CH20-ZEEBAP,,,9/12/2026 3:25pm,,Casey Brennan
no swords in top half of video at some points. (KC: that is currently intentional but does not need to be. was just trying to find some variance in the song.),109 Scene Nine: A Club in Denver,31.00,CONTENT,checked,,109-002-ZEEBAP,,,9/12/2026 8:12pm,,Morgan Ellis
consider less variance on spinning sword rays.,109 Scene Nine: A Club in Denver,31.00,CONTENT,checked,,109-002-ZEEBAP,,,9/18/2026 6:40am,,Casey Brennan
sword circles going out too abrupt,109 Scene Nine: A Club in Denver,31.00,CONTENT,checked,,109-002-ZEEBAP,,,9/18/2026 8:30pm,,Casey Brennan
swords come in abruptly,109 Scene Nine: A Club in Denver,31.00,CONTENT,checked,,109-002-ZEEBAP,,,9/18/2026 8:34pm,,Casey Brennan
Denver and Zeebap don't match. Update the comp references.,"108 Scene Eight: On the Road,109 Scene Nine: A Club in Denver","28.00,31.00",CONTENT,checked,5,"108-001-TAKE IT UP A STEP,109-002-ZEEBAP",checked,,9/18/2026 6:38am,,Casey Brennan
V05 available,110 Scene Ten: The Baggage Car,32.00,PROGRAMMING,checked,,110-001-BAGGAGE CAR,,,9/22/2026 2:29pm,,Casey Brennan
Make luggage more illustrative,110 Scene Ten: The Baggage Car,33.00,CONTENT,checked,5,110-001-BAGGAGE CAR,,,9/7/2026 11:56am,,Casey Brennan
"make it glow, make it sparkle, tint it purple",110 Scene Ten: The Baggage Car,33.00,CONTENT,checked,,110-002-MAJESTIC NICKEL MATINEE,,,9/7/2026 12:02pm,,Casey Brennan
timecode/wandel match,110 Scene Ten: The Baggage Car,33.00,CONTENT,checked,,110-002-MAJESTIC NICKEL MATINEE,checked,,9/11/2026 10:12pm,,Casey Brennan
"vignette ch01&ch05, restore to blue at end instead of colorful baggage car",110 Scene Ten: The Baggage Car,33.00,CONTENT,checked,,110-002-MAJESTIC NICKEL MATINEE,,,9/13/2026 1:44pm,,Morgan Ellis
we skipped over the color change cue? not sure why. LX or timecode issue? double check.,110 Scene Ten: The Baggage Car,33.00,PROGRAMMING,checked,,110-001-BAGGAGE CAR,checked,,9/18/2026 6:40am,,Casey Brennan
transition from majestic nickel matinee into sc 11 coronado,111 Scene Eleven: Hotel Del Coronado Lobby,34.00,CONTENT,checked,,110-002-MAJESTIC NICKEL MATINEE,,,9/7/2026 12:02pm,,Casey Brennan
"fish, flowers, water, love raining from the sky when he sees Daphne and learns her name",111 Scene Eleven: Hotel Del Coronado Lobby,34.00,CONTENT,checked,,111-001-WAVES,,Riley Sato,9/7/2026 12:02pm,,Casey Brennan
"beginning can be really illustrative, tone down in the middle, pick back up towards the end",111 Scene Eleven: Hotel Del Coronado Lobby,34.00,CONTENT,checked,,111-001-WAVES,,,9/7/2026 12:09pm,,Casey Brennan
Movement a little fast across. Wood texture too bright and too big in scale,111 Scene Eleven: Hotel Del Coronado Lobby,34.00,CONTENT,checked,,111-001-WAVES,,,9/8/2026 2:14pm,,Riley Sato
find musical in between choreo or singing that we could do some fun animation,111 Scene Eleven: Hotel Del Coronado Lobby,34.00,CONTENT,checked,,111-001-WAVES,,,9/10/2026 8:20pm,,Casey Brennan
timecode/wandel,111 Scene Eleven: Hotel Del Coronado Lobby,34.00,,checked,,,,,9/11/2026 10:12pm,,Casey Brennan
ch05 has double layer on wood,111 Scene Eleven: Hotel Del Coronado Lobby,34.00,CONTENT,checked,,111-001-WAVES,,,9/13/2026 1:58pm,,Morgan Ellis
"millionaire should have three clicks: top, beautiful, Daphne
",111 Scene Eleven: Hotel Del Coronado Lobby,35.00,CONTENT,checked,,111-001-WAVES,,,9/12/2026 10:01pm,,Morgan Ellis
V04,111 Scene Eleven: Hotel Del Coronado Lobby,35.00,PROGRAMMING,checked,,110-002-MAJESTIC NICKEL MATINEE,,,9/17/2026 3:08pm,,Casey Brennan
Fish are steely. Maybe make them slower? Motion blur? 60fps?,111 Scene Eleven: Hotel Del Coronado Lobby,35.00,CONTENT,checked,,111-001-WAVES,,,9/19/2026 8:40pm,,Riley Sato
do we need to add a blur or something when the syncopators enter through the audience?,111 Scene Eleven: Hotel Del Coronado Lobby,35.00,CONTENT,checked,,111-001-WAVES,,,9/19/2026 8:41pm,,Casey Brennan
"Hearts are a little too dim, because we're pulling them down in Millumin.",111 Scene Eleven: Hotel Del Coronado Lobby,35.00,CONTENT,checked,,111-001-WAVES,,,9/19/2026 8:43pm,,Riley Sato
"after the button, let's add a CH03 mask so Osgood can exit thorugh the curtain without being silhouetted",111 Scene Eleven: Hotel Del Coronado Lobby,35.50,PROGRAMMING,checked,,111-001-WAVES,,,9/19/2026 8:28pm,,Casey Brennan
V03 available,112 Scene Twelve: Room 226,36.00,PROGRAMMING,checked,,800-001-CH20-Room226,,,9/19/2026 8:44pm,,Casey Brennan
swap in for coronado lobby,113 Scene Thirteen: Hotel Del Coronado Hallway,37.00,"CONTENT,PROGRAMMING",checked,,802-001-CH20-113CoronadoHallway,,,9/17/2026 11:22pm,,Casey Brennan
swap for coronodo hallway,113 Scene Thirteen: Hotel Del Coronado Hallway,37.00,"CONTENT,PROGRAMMING",checked,,802-001-CH20-113CoronadoHallway,,,9/18/2026 8:38pm,,Riley Sato
"for transition, blur out SL and then shift spotlight focus to SR",113 Scene Thirteen: Hotel Del Coronado Hallway,37.00,"CONTENT,PROGRAMMING",checked,3,802-001-CH20-113CoronadoHallway,,,9/18/2026 8:49pm,,Casey Brennan
"Weird mask cutoffs, not lining up with set","114 Scene Fourteen: The Cheetah Club,114 Scene Fourteen: The Cheetah Club","38.00,39.00",CONTENT,checked,5,801-001-CH20-114CheetahClub,,,9/13/2026 11:41am,,Riley Sato
take scale of waves down and the wood. wood looks cheap.,115 Scene Fifteen: Hotel Del Coronado Ballroom,40.10,CONTENT,checked,,,,,9/10/2026 8:22pm,,Casey Brennan
"foreground grates need lienar wooden panels to follow the lines of the chevrons, add LED tape.",115 Scene Fifteen: Hotel Del Coronado Ballroom,40.10,CONTENT,checked,,115-001-CH20-BALLROOM,,,9/10/2026 8:23pm,,Casey Brennan
scale up windows,115 Scene Fifteen: Hotel Del Coronado Ballroom,40.10,CONTENT,checked,,115-001-CH20-BALLROOM,,,9/10/2026 8:23pm,,Casey Brennan
"the chandeliers are glitching out, check the script",115 Scene Fifteen: Hotel Del Coronado Ballroom,40.10,CONTENT,checked,,115-001-CH20-BALLROOM,,,9/10/2026 8:23pm,,Casey Brennan
wandel/timecode match,115 Scene Fifteen: Hotel Del Coronado Ballroom,40.10,CONTENT,checked,,115-001-CH20-BALLROOM,,,9/11/2026 10:12pm,,Casey Brennan
"FILMING: we will film the Ent'racte, bows, exit music. filming on green at 1:30.  eight band members + conductor",201 Scene One: Hotel Del Coronado Ballroom,41.00,,checked,,,,,9/15/2026 3:58pm,,Morgan Ellis
Dim SL more,201 Scene One: Hotel Del Coronado Ballroom,42.50,PROGRAMMING,checked,,,,,9/19/2026 9:12pm,,Casey Brennan
Swap 226 out with non-blurred SR version,202 Scene Two: Room 226,43.00,PROGRAMMING,checked,,,,,9/19/2026 9:14pm,,Riley Sato
bring moon down,202 Scene Two: Room 226,44.00,CONTENT,checked,,202-001-LETS BE BAD,,,9/13/2026 5:04pm,,Morgan Ellis
masking issue on ch04,202 Scene Two: Room 226,44.00,CONTENT,checked,,202-001-LETS BE BAD,,,9/13/2026 5:04pm,,Morgan Ellis
V05 available,202 Scene Two: Room 226,44.00,PROGRAMMING,checked,5,202-001-LETS BE BAD,,,9/13/2026 9:16pm,,Morgan Ellis
needs new background for room 226,202 Scene Two: Room 226,44.00,CONTENT,checked,5,202-001-LETS BE BAD,,,9/16/2026 10:03pm,,Riley Sato
the blue after the bright red is too bright. - i think this is supposed to be in let's be bad...,202 Scene Two: Room 226,44.00,"CONTENT,DIRECTOR",checked,,202-001-LETS BE BAD,,,9/18/2026 6:43am,,Casey Brennan
vignette / spotlight goes away. need to integrate the new version,202 Scene Two: Room 226,44.00,PROGRAMMING,checked,5,202-001-LETS BE BAD,,,9/18/2026 9:23pm,,Casey Brennan
castanettes / red timing is off.,202 Scene Two: Room 226,44.00,CONTENT,checked,3,202-001-LETS BE BAD,,,9/18/2026 9:27pm,,Casey Brennan
We should revisit let's be bad. See if we can be more methodical than whole color shifts. Still not sold on the design of this look,202 Scene Two: Room 226,44.00,CONTENT,checked,3,202-001-LETS BE BAD,,,9/18/2026 9:27pm,,Riley Sato
"Lets be bad to Caledonia seven, we should make it the same moon and line it up - change the moon in Let's be bad to match caledonia",202 Scene Two: Room 226,44.00,CONTENT,checked,,202-001-LETS BE BAD,,,9/18/2026 9:29pm,,Casey Brennan
glow button at the end of lets be bad is nice. it should fade out slower,202 Scene Two: Room 226,44.00,CONTENT,checked,,202-001-LETS BE BAD,,,9/18/2026 9:29pm,,Casey Brennan
Pop at the top of Lets Be Bad,202 Scene Two: Room 226,44.00,PROGRAMMING,checked,,,,,9/19/2026 9:18pm,,Riley Sato
v06 available,202 Scene Two: Room 226,44.00,PROGRAMMING,checked,,202-001-LETS BE BAD,,,9/22/2026 3:21pm,,Casey Brennan
Moon out of Let's be bad doesn't match caledonia,202 Scene Two: Room 226,45.00,CONTENT,checked,,202-001-LETS BE BAD,,,9/19/2026 9:23pm,,Riley Sato
Cantina over stage right looks good here. Make sure this tracks in Fly Mariposa fly.,202 Scene Two: Room 226,45.10,CONTENT,checked,,202-001-LETS BE BAD,,,9/18/2026 6:42am,,Casey Brennan
stick in the blues and greens in the shooting stars,203 Scene Three: The Caledonia Seven,46.00,"CONTENT,DIRECTOR",checked,,203-001-YACHT_V01,,,9/13/2026 10:23pm,,Morgan Ellis
they have added more bars to dance the world away -- will be wrong tonight -- will try to integrate by matinee tomorrow but more likely wednesday. -- i didn't notice where the 2 bars were added?,203 Scene Three: The Caledonia Seven,46.00,"CONTENT,PROGRAMMING",checked,,203-001-YACHT_V01,,,9/19/2026 3:54pm,,Casey Brennan
Too bright/ugly,"105 Scene Five: Backstage,203 Scene Three: The Caledonia Seven","13.00,46.00","CONTENT,DIRECTOR",checked,,203-001-YACHT_V01,,,9/17/2026 10:56pm,,Riley Sato
wandel/timecode match,203 Scene Three: The Caledonia Seven,47.00,CONTENT,checked,,203-001-YACHT_V01,,,9/11/2026 10:12pm,,Casey Brennan
Clouds too bright/pixelated,203 Scene Three: The Caledonia Seven,47.00,"CONTENT,DIRECTOR",checked,,203-001-YACHT_V01,,,9/17/2026 11:20pm,,Riley Sato
this is when it should fade out/restore?,203 Scene Three: The Caledonia Seven,47.50,"PROGRAMMING,DIRECTOR",checked,,203-001-YACHT_V01,,,9/18/2026 6:50am,,Casey Brennan
"""Fade out"" Maybe do an iris down  to black or an intermediary look? Ad the very least this cue should dip down more
",203 Scene Three: The Caledonia Seven,47.50,"CONTENT,PROGRAMMING",checked,,203-001-YACHT_V01,,,9/18/2026 9:36pm,,Riley Sato
should we stay blurry in the transition and then in LX 753 go sharper?,203 Scene Three: The Caledonia Seven,47.50,PROGRAMMING,checked,,202-002-FLYMARIPOSA,,,9/19/2026 9:31pm,,Casey Brennan
V02 available ,204 Scene Four: The Cantina in Mexico,48.00,PROGRAMMING,checked,5,202-002-FLYMARIPOSA,,,9/18/2026 6:42am,,Casey Brennan
particle system for butterflies?,204 Scene Four: The Cantina in Mexico,49.00,CONTENT,checked,2,202-002-FLYMARIPOSA,,Riley Sato,9/13/2026 7:17pm,,Morgan Ellis
"SL top channel does not match - FIXED new V02
",204 Scene Four: The Cantina in Mexico,49.00,PROGRAMMING,checked,5,202-002-FLYMARIPOSA,,,9/15/2026 3:02pm,,Casey Brennan
"More for mariachi reveal, maybe fireflies on Ch03",204 Scene Four: The Cantina in Mexico,49.00,"DIRECTOR,CONTENT",checked,5,,,,9/18/2026 11:45pm,,Riley Sato
"Butterflies should go on Osgoods final ""sings""",204 Scene Four: The Cantina in Mexico,49.00,"DIRECTOR,CONTENT",checked,5,,,,9/18/2026 11:46pm,,Riley Sato
v03 available,204 Scene Four: The Cantina in Mexico,49.00,PROGRAMMING,checked,,202-002-FLYMARIPOSA,,,9/19/2026 1:50pm,,Casey Brennan
The mirror image butterfly in mariposa snuck back in. Offset the two loops.,204 Scene Four: The Cantina in Mexico,49.00,CONTENT,checked,5,202-002-FLYMARIPOSA,,,9/20/2026 3:36pm,,Riley Sato
what if we use the same stars & moon from the Caledonia 7 so it's like we're under the same skyyy,"202 Scene Two: Room 226,204 Scene Four: The Cantina in Mexico","44.00,49.00",CONTENT,checked,5,"202-001-LETS BE BAD,202-002-FLYMARIPOSA",,,9/13/2026 9:45pm,,Morgan Ellis
after mariposa & before room 226: blur the room into purple,204 Scene Four: The Cantina in Mexico,50.00,CONTENT,checked,5,"202-002-FLYMARIPOSA,800-001-CH20-Room226",,,9/15/2026 3:58pm,,Morgan Ellis
V04 available,205 Scene Five: Room 226,51.00,PROGRAMMING,checked,,800-002-CH20-FEATHER_V01,,,9/23/2026 9:30am,,Casey Brennan
"tracking in of fan is very chunky, need to smooth out",205 Scene Five: Room 226,51.20,CONTENT,checked,,800-002-CH20-FEATHER_V01,,,9/17/2026 11:23pm,,Riley Sato
Make this room 226 not blurry Sr,205 Scene Five: Room 226,51.20,CONTENT,checked,,800-002-CH20-FEATHER_V01,,,9/19/2026 9:39pm,,Riley Sato
V04 available . JK JK - RE EXPORT WITHOUT THE VOR VIDEO IN THE BG,205 Scene Five: Room 226,51.20,"PROGRAMMING,CONTENT",checked,,800-002-CH20-FEATHER_V01,,,9/22/2026 5:54pm,,Casey Brennan
find a way to animate the fan - maybe it slowly flips open? should we add DAPHNE on the fan?,205 Scene Five: Room 226,51.30,CONTENT,checked,,800-002-CH20-FEATHER_V01,,,9/18/2026 6:44am,,Casey Brennan
don't bump back to room 226,205 Scene Five: Room 226,51.40,"CONTENT,PROGRAMMING",checked,5,800-002-CH20-FEATHER_V01,,,9/15/2026 4:55pm,,Morgan Ellis
turn off lights in daytime ballroom,206 Scene Six: Hotel Del Coronado Ballroom,52.00,CONTENT,checked,,115-002-CH20-BALLROOMDAY.png,,,9/15/2026 4:41pm,,Morgan Ellis
swap in daytime look,206 Scene Six: Hotel Del Coronado Ballroom,53.00,CONTENT,checked,,115-002-HELIED,,,9/15/2026 4:50pm,,Morgan Ellis
"switches between worlds are quick shifts, not languid",206 Scene Six: Hotel Del Coronado Ballroom,53.00,CONTENT,checked,,115-002-HELIED,,,9/15/2026 5:28pm,,Morgan Ellis
"adjust timing on world switches, turn down the brightness of the green",206 Scene Six: Hotel Del Coronado Ballroom,53.00,CONTENT,checked,,115-002-HELIED,,,9/15/2026 5:58pm,,Morgan Ellis
"butterflies later, on ""deserves"" rather than daphne",206 Scene Six: Hotel Del Coronado Ballroom,53.00,"CONTENT,DIRECTOR",checked,,115-002-HELIED,,,9/15/2026 7:59pm,,Morgan Ellis
"missing one switch back to the daytime ballroom. Colin's lights are white and cold, so maybe we go black and white here instead?",206 Scene Six: Hotel Del Coronado Ballroom,53.00,CONTENT,checked,,115-002-HELIED,,,9/15/2026 8:12pm,,Casey Brennan
Timing mismatch with lighting in restore/blue moments,206 Scene Six: Hotel Del Coronado Ballroom,53.00,CONTENT,checked,,115-002-HELIED,,,9/17/2026 11:24pm,,Riley Sato
someone he aint - colin goes isolated and purple,206 Scene Six: Hotel Del Coronado Ballroom,53.00,CONTENT,checked,,115-002-HELIED,,,9/18/2026 9:53pm,,Casey Brennan
Bottom too bright,207 Scene Seven: Adjoining Dressing Rooms,54.00,CONTENT,checked,,115-002-HELIED,,,9/17/2026 11:25pm,,Riley Sato
v04 available,206 Scene Six: Hotel Del Coronado Ballroom,54.00,PROGRAMMING,checked,,115-002-HELIED,,,9/18/2026 6:47am,,Casey Brennan
took out dressing room at the end,207 Scene Seven: Adjoining Dressing Rooms,54.00,PROGRAMMING,checked,,,,,9/19/2026 5:09pm,,Casey Brennan
Double check lighting cues,207 Scene Seven: Adjoining Dressing Rooms,55.00,CONTENT,checked,5,207-010-RIDEOUTTHESTORM_V02,,,9/17/2026 11:25pm,,Riley Sato
Fan was already too far open by curtain open. You should probably just prerender this sequence out so you can do time remapping,207 Scene Seven: Adjoining Dressing Rooms,55.00,CONTENT,checked,,207-010-RIDEOUTTHESTORM_V02,,,9/17/2026 11:26pm,,Riley Sato
"Drop shadow is making everything too steppy, see if you can find another way to create depth",207 Scene Seven: Adjoining Dressing Rooms,55.00,CONTENT,checked,,207-010-RIDEOUTTHESTORM_V02,,,9/17/2026 11:26pm,,Riley Sato
"Button continued to spin, but should freeze",207 Scene Seven: Adjoining Dressing Rooms,55.00,CONTENT,checked,5,207-010-RIDEOUTTHESTORM_V02,,,9/17/2026 11:27pm,,Riley Sato
adjust the start of the bloom opening to later? the curtain doesn't open until later and we want to see it slowly grow.,207 Scene Seven: Adjoining Dressing Rooms,55.00,CONTENT,checked,,207-010-RIDEOUTTHESTORM_V02,,,9/18/2026 6:48am,,Casey Brennan
"Start of music for Rid out the storm needs something, at least dim
",207 Scene Seven: Adjoining Dressing Rooms,55.00,CONTENT,checked,,207-010-RIDEOUTTHESTORM_V02,,,9/18/2026 10:02pm,,Riley Sato
"at the music speed up, the color shift has some pixelization and there is a jump",207 Scene Seven: Adjoining Dressing Rooms,55.00,CONTENT,checked,,207-010-RIDEOUTTHESTORM_V02,,,9/18/2026 10:05pm,,Casey Brennan
"with LX 838, darken so it isn't pulling our eye up stage (very bright)",207 Scene Seven: Adjoining Dressing Rooms,55.00,CONTENT,checked,,207-010-RIDEOUTTHESTORM_V02,,,9/19/2026 9:56pm,,Casey Brennan
"Wrong ballroom wood - New V02
",207 Scene Seven: Adjoining Dressing Rooms,56.00,PROGRAMMING,checked,5,115-001-CH20-BALLROOM,,,9/17/2026 11:27pm,,Riley Sato
"need a new background for ballroom, wood is wrong",207 Scene Seven: Adjoining Dressing Rooms,56.00,,checked,,802-002-208TIPTAPTROUBLE,,,9/19/2026 1:56pm,,Casey Brennan
"want to see movement we've never seen before in the ""gameshow""",208 Scene Eight: Hotel Hallway,57.00,"CONTENT,DIRECTOR",checked,5,802-002-208TIPTAPTROUBLE,,,9/15/2026 8:11pm,,Casey Brennan
"when Sugar calls for ""GIRLS"" video can be going going going all the time",208 Scene Eight: Hotel Hallway,57.00,"CONTENT,DIRECTOR",checked,5,802-002-208TIPTAPTROUBLE,,,9/16/2026 4:38pm,,Casey Brennan
need to swap in updated ballroom and lobby. there may be a few more locations.,208 Scene Eight: Hotel Hallway,57.00,CONTENT,checked,,802-002-208TIPTAPTROUBLE,,,9/18/2026 6:48am,,Casey Brennan
Ballroom before Tip Tap Trouble Still wrong,208 Scene Eight: Hotel Hallway,57.00,CONTENT,checked,,802-002-208TIPTAPTROUBLE,,,9/18/2026 10:05pm,,Riley Sato
tip tap trouble IN is abrupt,208 Scene Eight: Hotel Hallway,57.00,CONTENT,checked,,802-002-208TIPTAPTROUBLE,,,9/18/2026 10:06pm,,Casey Brennan
"timing/ zhuzhing needed -- the bangs don't work in the ballroom, set everything back by a few seconds",208 Scene Eight: Hotel Hallway,57.00,CONTENT,checked,,802-002-208TIPTAPTROUBLE,,,9/18/2026 10:06pm,,Casey Brennan
joey and daphne sneak out -- need something on CH02,208 Scene Eight: Hotel Hallway,57.00,CONTENT,checked,,802-002-208TIPTAPTROUBLE,,,9/18/2026 10:07pm,,Casey Brennan
Add something for Jos/Daphne reveal as they sneak across proscenium tip tap,208 Scene Eight: Hotel Hallway,57.00,"DIRECTOR,PROGRAMMING",checked,5,802-002-208TIPTAPTROUBLE,,,9/18/2026 11:50pm,,Riley Sato
During dance break - latin inspired movement everywhere,208 Scene Eight: Hotel Hallway,57.00,CONTENT,checked,,802-002-208TIPTAPTROUBLE,,,9/19/2026 2:04pm,,Casey Brennan
v03 availabile,208 Scene Eight: Hotel Hallway,57.00,PROGRAMMING,checked,,802-002-208TIPTAPTROUBLE,,,9/19/2026 4:21pm,,Casey Brennan
all the fucking beats are off what is event he point?,208 Scene Eight: Hotel Hallway,57.00,CONTENT,checked,,802-002-208TIPTAPTROUBLE,,,9/19/2026 10:00pm,,Casey Brennan
Some of the backdrops look very awkward when tracking up,208 Scene Eight: Hotel Hallway,57.00,CONTENT,checked,,802-002-208TIPTAPTROUBLE,,,9/19/2026 10:00pm,,Riley Sato
need a button at the end of the song,208 Scene Eight: Hotel Hallway,57.00,CONTENT,checked,,802-002-208TIPTAPTROUBLE,,,9/19/2026 10:04pm,,Casey Brennan
V04 available,208 Scene Eight: Hotel Hallway,57.00,PROGRAMMING,checked,,802-002-208TIPTAPTROUBLE,,,9/21/2026 5:31pm,,Casey Brennan
V01 available,209 Scene Nine: Hottest Nightclub in Hollywood,59.00,PROGRAMMING,checked,5,209-001-CH20-DAPHNECITAS,,,9/16/2026 3:59pm,,Casey Brennan
SR Transom not aligned,209 Scene Nine: Hottest Nightclub in Hollywood,59.00,CONTENT,checked,,209-001-CH20-DAPHNECITAS,,,9/16/2026 5:13pm,,Casey Brennan
transom SL is off,209 Scene Nine: Hottest Nightclub in Hollywood,59.00,CONTENT,checked,,209-001-CH20-DAPHNECITAS,,,9/18/2026 10:15pm,,Casey Brennan
"Rays aren't even, different gaps at center proscenium, should have no gap. SL wrong",209 Scene Nine: Hottest Nightclub in Hollywood,59.00,CONTENT,checked,,209-001-CH20-DAPHNECITAS,,,9/19/2026 10:09pm,,Riley Sato
happened too early?,209 Scene Nine: Hottest Nightclub in Hollywood,59.70,PROGRAMMING,checked,5,802-002-208TIPTAPTROUBLE,,,9/18/2026 6:48am,,Casey Brennan
Need  fade in to bows,299 Postshow,60.00,PROGRAMMING,checked,,,,,9/18/2026 10:18pm,,Riley Sato
Band too dim/blue,299 Postshow,60.00,CONTENT,checked,5,209-001-CH20-DAPHNECITAS,,,9/19/2026 10:14pm,,Riley Sato
what is the walk out look?,299 Postshow,70.00,CONTENT,checked,5,,,,9/18/2026 6:49am,,Casey Brennan
let's be bad -- there is a black spot where a butterfly should be. it is filled with a butterfly in fly mariposa,202 Scene Two: Room 226,45.00,CONTENT,checked,4,,,,9/23/2026 3:29pm,,Casey Brennan
the moon placement doesn't match Caledonia 7. maybe get rid of it?,202 Scene Two: Room 226,45.00,CONTENT,checked,5,,,,9/23/2026 3:23pm,,Casey Brennan
this still has a blurry beginning room 226 - re,205 Scene Five: Room 226,51.00,"PROGRAMMING,CONTENT",checked,3,,,,9/23/2026 3:35pm,,Casey Brennan
need a transition between Feather & Bad Rehearsal -- shouldn't linger in the peacock look -- get the LX cue to trigger it,,51.50,"PROGRAMMING,CONTENT",checked,5,,,,9/23/2026 3:40pm,,Casey Brennan
add CH03 mask upstage -- there is a stage management preset happening up there.,206 Scene Six: Hotel Del Coronado Ballroom,52.00,PROGRAMMING,checked,5,,,,9/23/2026 3:41pm,,Casey Brennan
add a fade in to 53.00 - it has a sharp brighten cue,206 Scene Six: Hotel Del Coronado Ballroom,53.00,PROGRAMMING,checked,5,,,,9/23/2026 3:44pm,,Casey Brennan
Update take it up a step V08,,,PROGRAMMING,checked,5,,,,9/23/2026 3:45pm,,Riley Sato
Update ballroom v05,,,PROGRAMMING,checked,5,,,,9/23/2026 3:45pm,,Riley Sato
"Update yacht v03
",,,PROGRAMMING,checked,5,,,,9/23/2026 3:46pm,,Riley Sato
"Roll back Ride Out the Storm, new version too chunky. Don't have time to fix it.
",207 Scene Seven: Adjoining Dressing Rooms,55.00,PROGRAMMING,checked,5,,,,9/23/2026 4:00pm,,Riley Sato
V07 available - let's be bad,,,PROGRAMMING,checked,5,,,,9/23/2026 4:41pm,,Casey Brennan
remember to re-enable osc group before we leave,,,PROGRAMMING,checked,5,,,,9/23/2026 4:09pm,,Casey Brennan
entr'acte -- bring curtain down when ariel enters,,,"CONTENT,DIRECTOR",,5,,,,9/23/2026 4:46pm,,Casey Brennan