Name,Role,Email,Photo,Theatre,Cast,Scenes,Notes
Morgan Zielinski,Production Manager,morgan.zielinski@example.com,,Example Theatre,,,
Casey Gallagher,Director,casey.gallagher@example.com,,Example Theatre,,,
Quinn Weller,Asst Director,quinn.weller@example.com,,Example Theatre,,,
Riley Nyström,Music Director,riley.nystrm@example.com,,Example Theatre,,,
Peyton Sandoval,Stage Manager,peyton.sandoval@example.com,,Example Theatre,,,
Dakota Espinoza,Scenic Designer,dakota.espinoza@example.com,,Example Theatre,,,
Rowan Abara,Costume Designer,rowan.abara@example.com,,Example Theatre,,,
Noel Whitfield,Lighting Designer,noel.whitfield@example.com,,Example Theatre,,,
Sage Delgado,Sound Designer,sage.delgado@example.com,,Example Theatre,,,
Kendall Chandra,Choreographer,kendall.chandra@example.com,,Example Theatre,,,
Reese Thornton,Technical Director,reese.thornton@example.com,,Example Theatre,,,
Drew Haddad,Director of Production,drew.haddad@example.com,,Example Theatre,,,
Micah Bergström,Joe/Josephine,micah.bergstrm@example.com,,Example Theatre,checked,,
Logan Kowalski,Jerry/Daphne,logan.kowalski@example.com,,Example Theatre,checked,,
Jamie Petrova,Sugar,jamie.petrova@example.com,,Example Theatre,checked,,
Skyler Nakamura,Osgood,skyler.nakamura@example.com,,Example Theatre,checked,,
Jordan Varga,Sweet Sue,jordan.varga@example.com,,Example Theatre,checked,,
Avery Oyelaran,Mulligan,avery.oyelaran@example.com,,Example Theatre,checked,,
Finley Fitzgerald,Spats,finley.fitzgerald@example.com,,Example Theatre,checked,,
Hayden Ramsey,Minnie,hayden.ramsey@example.com,,Example Theatre,checked,,
Kai Okafor,Ens/Dance Captain/Vivan,kai.okafor@example.com,,Example Theatre,checked,,
Emerson Castellanos,Ens/Policeman 2,emerson.castellanos@example.com,,Example Theatre,checked,,
Cameron Lindqvist,Ens/Policeman 1,cameron.lindqvist@example.com,,Example Theatre,checked,,
Taylor Moreau,Ens/Sonny,taylor.moreau@example.com,,Example Theatre,checked,,
Elliot Marchetti,Ens/Ginger,elliot.marchetti@example.com,,Example Theatre,checked,,
Blake Duffy,Ens/Devon,blake.duffy@example.com,,Example Theatre,checked,,
Parker Ivers,Ens/Mack,parker.ivers@example.com,,Example Theatre,checked,,
Harper Yamada,Ens/Dolores,harper.yamada@example.com,,Example Theatre,checked,,
