Name,Notes,PIN,FAVORITES
Casey Pinterest,https://example.com/pinterest-board,checked,
Morgan Moodboards,https://example.com/google-doc,checked,
Art deco 1910-1939,https://archive.org/details/artdeco191019390000unse/page/64/mode/2up,,
Art deco patterns : a design source book,https://archive.org/details/artdecopatternsd0000atte - SOURCE/IMAGES/PATTERNS MOTIFS/artdecopatternsd0000atte_1,,checked
Art deco : 50 works of art you should know,https://archive.org/details/artdeco50worksof0000orrl/page/120/mode/2up,,
Art Deco of the 20s and 30s,https://archive.org/details/artdecoof20s30s00hill,,
Art deco : posters and graphics,https://archive.org/details/artdecopostersgr0000unse/page/6/mode/2up,,
Art deco designs & motifs,https://archive.org/details/artdecodesignsmo0000loeb/page/26/mode/2up - SOURCE/IMAGES/PATTERNS MOTIFS/artdecodesignsmo0000loeb_1,,checked
Streamline : American art deco graphic design,https://archive.org/details/streamlineameric0000hell/page/98/mode/2up,,
Chicago architecture and design,https://archive.org/details/chicagoarchitect0000lars/page/56/mode/2up,,
Original art deco allover patterns,https://archive.org/details/originalartdecoa00rowe/page/14/mode/2up - SOURCE/IMAGES/PATTERNS MOTIFS/originalartdecoa00rowe_1,,checked