Name,Channel Name,Width (Meters),Height (Meters)
L TRUSS WALL,CH01,0.5000,1.5000
L PRO,CH02,4.5000,4.0000
L PRO TOP,CH02.1,4.5000,2.5000
L PRO BOT,CH02.2,4.5000,3.5000
C WALL,CH03,6.5000,3.5000
R PRO,CH04,4.5000,4.0000
R PRO TOP,CH04.1,4.5000,2.5000
R PRO BOT,CH04.2,4.5000,3.5000
R TRUSS WALL,CH05,0.5000,1.5000
FULL PRO,CH10,9.0000,4.0000
FULL PRO TOP,CH10.1,9.0000,2.5000
FULL PRO BOT,CH10.2,9.0000,3.5000
FULL PRO TRUSS,CH11,10.0000,4.0000
FULL PRO TRUSS BOT,CH11.2,10.0000,3.0000
FULL WALL,CH20,16.5000,4.0000
,,,